{
  "version" : "123",
  "created" : 1531951800417,
  "modified" : 1553709529862,
  "title" : "Karin Grund",
  "status" : "Aktiv",
  "firstname" : "Karin",
  "avatar" : "KG.JPG",
  "familyname" : "Grund",
  "contacts" : [ {
    "type" : "Privat",
    "address" : "Vogelgasse 12, 71453 Freistadt",
    "mobile" : "+49 231 765432",
    "phone" : "07242 123456",
    "mail" : "karin.grund@email.org"
  } ],
  "fullTimeEquivalent" : 100.0,
  "teamFraction" : 50.0,
  "uid" : "1c6ef8c2-6edf-4d4b-be7b-82e4c7503e43:FileSynchronizer"
}