{
  "version" : "75",
  "created" : 1531951888422,
  "modified" : 1553709529294,
  "title" : "Matthias Wegner",
  "status" : "Aktiv",
  "firstname" : "Matthias",
  "avatar" : "X18.JPG",
  "familyname" : "Wegner",
  "contacts" : [ {
    "type" : "Privat",
    "address" : "Fantasiestrasse 1, 34567 Traumstadt",
    "mobile" : "+49 111 123456",
    "phone" : "+49 7654 123456",
    "mail" : "mic.mat.wegner@web.de"
  }, {
    "type" : "Geschäftlich",
    "organisation" : "Non-Profit-Organisation-Name",
    "address" : "NGO-Strasse 10, 12345 Stadt des Ehrenamtes",
    "mail" : "matthias.wegner@ngo.org"
  }, {
    "type" : "Geschäftlich",
    "organisation" : "Company-Name",
    "address" : "Finanzstrasse 1, 23456 Workcity",
    "mobile" : "+49 111 123456",
    "phone" : "+49 456 345678",
    "mail" : "matthias.wegner@company.com"
  } ],
  "fullTimeEquivalent" : 50.0,
  "teamFraction" : 50.0,
  "uid" : "422116fe-6bf5-4c34-9c81-1186d52a60e6:FileSynchronizer"
}