{
  "version" : "85",
  "created" : 1531951667891,
  "modified" : 1553709529170,
  "title" : "Organisationsmitarbeiter",
  "status" : "Aktiv",
  "abbreviation" : "OM",
  "purpose" : "Jeder Gebetshausmitarbeiter ist ein lebendiger Stein des Gebetshauses. Ohne die Menschen die Gott im Gebet und der Anbetung suchen gäbe es kein Gebetshaus.",
  "rolegroup" : "Organisation",
  "responsibilities" : [ "Ist Mitglied von Gebetstunden, also Gebetstundenmitglied", "Mitgestaltung der Gebetsstunde", "Raum (des Gebets) aufrechterhalten, damit der Einzelne im Gebetshaus und das Gebetshaus sich entfalten können.", "Persönlich in der Beziehung zu Gott und im Gebet wachsen" ],
  "opportunities" : [ "Aktiv an Gebetsstunde teilnehmen", "Mitarbeitergespräch als Stundenleiter führen", "Vertreterorganisation", "Stundenausfall melden", "Für gutes Raumklima sorgen" ],
  "guidelines" : [ "hat am Intro teilgenommen", "bei Verhinderung muss eine Vertretung organisiert werden", "Ist treu bei den von ihm zugesagten Gebetstunden", "Liest proaktiv die regelmäßigen Informationen an die Mitarbeiter (Mitarbeitermappe im Mitarbeiterraum)", "Stellt aktiv Rückfragen bei Unklarheiten", "Kennt die Ablaufformen der verschiedenen Gebetsformen", "Nimmt wenn möglich im Laufe der Jahre einmal an einer Joel-Gruppe teil", "Hält die Regeln zu den Gebetstunden ein, siehe https://gebetshausfreiburg.atlassian.net/wiki/spaces/GBH/pages/273613480/Regeln+zu+den+Gebetstunden" ],
  "competences" : [ "Kennt die Fundamente des Gebetshauses" ],
  "activities" : [ "Aktiv an Gebetsstunde teilnehmen", "Vertreterorganisation", "Stundenausfall melden", "Für gutes Raumklima sorgen" ],
  "persons" : [ "Matthias Wegner [100%, aktiv]", "Karin Grund [100%, aktiv]" ],
  "situational" : false,
  "organisation" : "Organisation",
  "uid" : "24d384c1-94f4-49e0-808b-b0b19597106b:FileSynchronizer"
}