{
  "version" : "77",
  "created" : 1531951708333,
  "modified" : 1553709529266,
  "title" : "Leiter",
  "status" : "Aktiv",
  "synonyms" : [ "Lead" ],
  "abbreviation" : "LE",
  "parent" : "Organisationsmitarbeiter",
  "purpose" : "Handelt und entscheidet im Sinne aller Mitarbeiter bei allen geistlichen und organisatorischen Belangen (z.B. Veranstaltungen, Personalia, Finanzen)",
  "rolegroup" : "Organisation",
  "responsibilities" : [ "oberste Entscheidungsinstanz im Bezug auf (An)Fragen, Weiterentwicklung des GBH, Personalia" ],
  "opportunities" : [ "Entscheidung über Personaleinstellung", "Entscheidung bzgl. neuer Arbeitszweige" ],
  "guidelines" : [ "Teilnahme am 2-stündigen wöchentlichen Treffen des Leitungskreises mit Vorabgebet", "Anwesenheitspflicht im Leitungskreis, bei Nichtteilnahme Abmeldung erforderlich", "Hält andere Mitglieder des Leitungskreises auf aktuellem Stand bei Personalthemen", "Es sind nach Absprache immer zwei Leiter erreichbar und in Freiburg, damit in eintretenden Vorfällen gemeinsam entschieden und geregelt werden kann.", "Der Leiter des ASM der Folgewoche wird immer in der vorhergehenden Leitungsteamsitzung festgelegt" ],
  "competences" : [ "Kennt alle Abläufe der Gebetsformen", "Kann andere situativ führen", "Leitet selbst Gebetsstunden" ],
  "activities" : [ "Entscheidung Aufnahme als Stammmitarbeiter / AngestellterGeltende Prozesse", "Jahresterminplan erstellen" ],
  "persons" : [ "Matthias Wegner [100%, aktiv, R=4h/w]", "Karin Grund [100%, aktiv, R=4h/w]" ],
  "situational" : false,
  "organisation" : "Organisation",
  "uid" : "e8b4fad1-009a-4552-9e33-ce9f76ef7d8b:FileSynchronizer"
}